First,Admin,admin@user.com,password,http://admin.image/linduradea.png,[]
Teddy,Guerry,tguerry0@soundcloud.com,CqSQRgFrdsf,http://dummyimage.com/205x100.png/ff4444/ffffff,[]
Vladamir,Ilewicz,vilewicz1@epa.gov,DrspxIaQx9jc,http://dummyimage.com/100x100.png/dddddd/000000,[]
Ruprecht,MacCall,rmaccall2@youtu.be,L7H2vjrvMwM,http://dummyimage.com/221x100.png/cc0000/ffffff,[]
Nelson,Teodori,nteodori3@constantcontact.com,t2V9ZM3dfs,http://dummyimage.com/192x100.png/5fa2dd/ffffff,[]
Dari,Reisin,dreisin4@wired.com,9GTRAl6Nt8C,http://dummyimage.com/193x100.png/5fa2dd/ffffff,[]
Kimble,Glaze,kglaze5@blinklist.com,bYAL2B3r6,http://dummyimage.com/113x100.png/dddddd/000000,[]
Pearce,Gauden,pgauden6@army.mil,edKSimL7ZIM,http://dummyimage.com/192x100.png/dddddd/000000,[]
Padget,Armfield,parmfield7@ifeng.com,LKcGUDcpsa,http://dummyimage.com/216x100.png/ff4444/ffffff,[]
Emili,Gronou,egronou8@dedecms.com,wik9ZU783PMS,http://dummyimage.com/117x100.png/cc0000/ffffff,[]
Demetri,Kingsbury,dkingsbury9@go.com,etHwooejA3,http://dummyimage.com/241x100.png/dddddd/000000,[]
Tamma,Benedikt,tbenedikta@creativecommons.org,M0FePxNm3,http://dummyimage.com/236x100.png/dddddd/000000,[]
Deidre,Sandwith,dsandwithb@flavors.me,ReHAUzuX4Ulo,http://dummyimage.com/177x100.png/dddddd/000000,[]
Lavinia,O'Kerin,lokerinc@ibm.com,ruUHbfrGdOD,http://dummyimage.com/190x100.png/dddddd/000000,[]
Kerri,McBeith,kmcbeithd@dailymotion.com,wanP9DDfdf,http://dummyimage.com/120x100.png/5fa2dd/ffffff,[]
Christin,Malin,cmaline@nytimes.com,UIa1fzzQctP,http://dummyimage.com/210x100.png/ff4444/ffffff,[]
Abby,Batteson,abattesonf@hud.gov,64S9kfsadf,http://dummyimage.com/101x100.png/dddddd/000000,[]
Jock,Bon,jbong@prlog.org,pnPbCCx10Qn,http://dummyimage.com/234x100.png/5fa2dd/ffffff,[]
Ludovico,Deveraux,ldeverauxh@dion.ne.jp,A2Z2iqa3Xg34,http://dummyimage.com/159x100.png/ff4444/ffffff,[]
User,Test,user@gg.com,password,http://dummyimage.com/106x100.png/dddddd/000000,[]